student_id,content,wording
000000ffffff,-1.4562115950139005,-1.2620409740743004
111111eeeeee,-1.4562115950139005,-1.2620409740743004
222222cccccc,-1.4562115950139005,-1.2620409740743004
333333dddddd,-1.4562115950139005,-1.2620409740743004
