student_id,content,wording
000000ffffff,-1.4714756885835647,-1.2725746772375448
111111eeeeee,-1.4714756885835647,-1.2725746772375448
222222cccccc,-1.4714756885835647,-1.2725746772375448
333333dddddd,-1.4714756885835647,-1.2725746772375448
